Sample,Method,MAPQ,Count,Percent
8034,lowinput_P100,0,64841127,23.318322777582285
8034,lowinput_P100,1,663205,0.238503384706846
8034,lowinput_P100,2,474986,0.17081561310358934
8034,lowinput_P100,3,680292,0.24464825293685918
8034,lowinput_P100,4,546835,0.19665412410366048
8034,lowinput_P100,5,499192,0.17952063331636503
8034,lowinput_P100,6,669751,0.2408574730449783
8034,lowinput_P100,7,759407,0.2730997804149121
8034,lowinput_P100,8,500187,0.17987845762074045
8034,lowinput_P100,9,745367,0.2680506816878457
8034,lowinput_P100,10,616704,0.2217805827191453
8034,lowinput_P100,11,404626,0.14551257988162375
8034,lowinput_P100,12,487678,0.17537994081327077
8034,lowinput_P100,13,631905,0.2272472030717192
8034,lowinput_P100,14,450974,0.1621803596396064
8034,lowinput_P100,15,644607,0.23181512700556522
8034,lowinput_P100,16,504191,0.1813183857762372
8034,lowinput_P100,17,466749,0.16785340325922704
8034,lowinput_P100,18,493159,0.17735103127787558
8034,lowinput_P100,19,620878,0.22328164668543984
8034,lowinput_P100,20,634570,0.228205596811579
8034,lowinput_P100,21,601514,0.21631791821315247
8034,lowinput_P100,22,685532,0.24653267439909762
8034,lowinput_P100,23,531134,0.1910076925428577
8034,lowinput_P100,24,661615,0.2379315850646782
8034,lowinput_P100,25,972350,0.3496788566426696
8034,lowinput_P100,26,399248,0.14357853052591407
8034,lowinput_P100,27,1479208,0.5319563554035996
8034,lowinput_P100,28,316116,0.11368239980095043
8034,lowinput_P100,29,255405,0.09184936327538544
8034,lowinput_P100,30,426512,0.1533832760882175
8034,lowinput_P100,31,416303,0.1497118908386006
8034,lowinput_P100,32,190482,0.06850159713170051
8034,lowinput_P100,33,484533,0.17424892831351121
8034,lowinput_P100,34,264996,0.0952985018716315
8034,lowinput_P100,35,229327,0.08247112989900088
8034,lowinput_P100,36,311537,0.1120356887559905
8034,lowinput_P100,37,418385,0.15046062470966556
8034,lowinput_P100,38,282491,0.10159009604755939
8034,lowinput_P100,39,512607,0.18434496803314543
8034,lowinput_P100,40,5591761,2.010922603074069
8034,lowinput_P100,41,391811,0.140904018614718
8034,lowinput_P100,42,597985,0.21504881070547313
8034,lowinput_P100,43,657463,0.23643843279154575
8034,lowinput_P100,44,486422,0.17492825505819987
8034,lowinput_P100,45,986940,0.3549257476987879
8034,lowinput_P100,46,672576,0.24187340637147137
8034,lowinput_P100,47,1048944,0.37722377600883267
8034,lowinput_P100,48,1151567,0.4141293072529738
8034,lowinput_P100,49,1080452,0.3885547591065827
8034,lowinput_P100,50,2622926,0.9432629863097968
8034,lowinput_P100,51,360926,0.12979708028242112
8034,lowinput_P100,52,528533,0.19007231463765117
8034,lowinput_P100,53,253446,0.09114486296154475
8034,lowinput_P100,54,338349,0.12167788498605504
8034,lowinput_P100,55,582143,0.20935167238394983
8034,lowinput_P100,56,95018,0.03417060276698018
8034,lowinput_P100,57,301667,0.10848621550555275
8034,lowinput_P100,58,117223,0.04215601852442399
8034,lowinput_P100,59,240179,0.08637375236240011
8034,lowinput_P100,60,174187413,62.64169837957987
8035,lowinput_P100,0,75054039,30.724078644496306
8035,lowinput_P100,1,2943630,1.2050026997254426
8035,lowinput_P100,2,2121468,0.8684429318158653
8035,lowinput_P100,3,3043098,1.245720863535531
8035,lowinput_P100,4,2746621,1.124355207727396
8035,lowinput_P100,5,2267823,0.9283547312330193
8035,lowinput_P100,6,3216198,1.316580980915254
8035,lowinput_P100,7,2976668,1.2185271165827003
8035,lowinput_P100,8,1646005,0.6738076690214385
8035,lowinput_P100,9,3082518,1.2618578122767712
8035,lowinput_P100,10,1924654,0.7878752649067212
8035,lowinput_P100,11,1521032,0.6226487929423159
8035,lowinput_P100,12,2112506,0.8647742526017861
8035,lowinput_P100,13,1957720,0.8014111438280266
8035,lowinput_P100,14,1296134,0.5305846757934716
8035,lowinput_P100,15,1976869,0.8092499675582652
8035,lowinput_P100,16,1782879,0.7298383316802035
8035,lowinput_P100,17,1468145,0.6009990007536308
8035,lowinput_P100,18,1912190,0.7827730089678371
8035,lowinput_P100,19,2029115,0.8306373603521473
8035,lowinput_P100,20,1353609,0.5541126090482352
8035,lowinput_P100,21,2085949,0.853902894212108
8035,lowinput_P100,22,1769277,0.7242702247096721
8035,lowinput_P100,23,1324860,0.5423439347874053
8035,lowinput_P100,24,1718890,0.7036438310966616
8035,lowinput_P100,25,1741703,0.7129825477794093
8035,lowinput_P100,26,753184,0.30832297312841894
8035,lowinput_P100,27,2003414,0.8201164136347802
8035,lowinput_P100,28,1076823,0.44080764978154535
8035,lowinput_P100,29,890115,0.36437696927470925
8035,lowinput_P100,30,1226263,0.5019823230410821
8035,lowinput_P100,31,1181131,0.4835071132341401
8035,lowinput_P100,32,531457,0.21755693473296053
8035,lowinput_P100,33,1403970,0.5747283593160586
8035,lowinput_P100,34,810903,0.3319507900841684
8035,lowinput_P100,35,679960,0.2783480382063343
8035,lowinput_P100,36,955486,0.39113720459088414
8035,lowinput_P100,37,984310,0.4029365808089843
8035,lowinput_P100,38,487706,0.19964705029922128
8035,lowinput_P100,39,1291080,0.5285157732328875
8035,lowinput_P100,40,10627474,4.350456701848381
8035,lowinput_P100,41,1063383,0.43530585903871766
8035,lowinput_P100,42,1252146,0.5125777731747584
8035,lowinput_P100,43,1363048,0.557976552710553
8035,lowinput_P100,44,1177187,0.48189259964115555
8035,lowinput_P100,45,1665007,0.6815863169154276
8035,lowinput_P100,46,1939718,0.7940418553643074
8035,lowinput_P100,47,1427782,0.5844760260696459
8035,lowinput_P100,48,1541705,0.631111480444286
8035,lowinput_P100,49,1358059,0.5559342585129363
8035,lowinput_P100,50,860154,0.35211215138439217
8035,lowinput_P100,51,892375,0.3653021215871193
8035,lowinput_P100,52,928535,0.38010455858567954
8035,lowinput_P100,53,603191,0.24692192410394292
8035,lowinput_P100,54,711690,0.2913370129287989
8035,lowinput_P100,55,743910,0.3045265737720957
8035,lowinput_P100,56,712987,0.29186795210985894
8035,lowinput_P100,57,1006205,0.4118995055347442
8035,lowinput_P100,58,991137,0.405731277639437
8035,lowinput_P100,59,941091,0.38524447559214864
8035,lowinput_P100,60,71127914,29.116882351327817
8036,lowinput_P100,0,105926548,29.467777186010586
8036,lowinput_P100,1,962743,0.2678261186363913
8036,lowinput_P100,2,1694616,0.4714263576667156
8036,lowinput_P100,3,1281816,0.35658924976450046
8036,lowinput_P100,4,1413055,0.3930987148904181
8036,lowinput_P100,5,1950990,0.542747212078834
8036,lowinput_P100,6,1536734,0.4275050585634755
8036,lowinput_P100,7,2519076,0.7007834361092066
8036,lowinput_P100,8,2493720,0.6937296335220735
8036,lowinput_P100,9,2008630,0.5587821222035523
8036,lowinput_P100,10,5340576,1.4856984069088675
8036,lowinput_P100,11,359303,0.09995474171654457
8036,lowinput_P100,12,860575,0.239403934430593
8036,lowinput_P100,13,405019,0.11267250631164553
8036,lowinput_P100,14,360079,0.10017061767519798
8036,lowinput_P100,15,826914,0.23003975834266552
8036,lowinput_P100,16,89314,0.02484632135459894
8036,lowinput_P100,17,122991,0.03421494849322031
8036,lowinput_P100,18,187718,0.0522213958846609
8036,lowinput_P100,19,342785,0.09535958825644578
8036,lowinput_P100,20,2049776,0.5702285554442126
8036,lowinput_P100,21,353418,0.09831758963320025
8036,lowinput_P100,22,480411,0.13364585718122837
8036,lowinput_P100,23,1144931,0.3185091201249784
8036,lowinput_P100,24,578959,0.1610609911675353
8036,lowinput_P100,25,1639967,0.45622351583108534
8036,lowinput_P100,26,5519557,1.5354892509239992
8036,lowinput_P100,27,400322,0.11136584474232211
8036,lowinput_P100,28,1029182,0.2863088284520775
8036,lowinput_P100,29,470899,0.13099970754371415
8036,lowinput_P100,30,211102,0.05872660647377282
8036,lowinput_P100,31,1271216,0.3536404286798021
8036,lowinput_P100,32,442890,0.12320786511340132
8036,lowinput_P100,33,1316711,0.36629671313719375
8036,lowinput_P100,34,483088,0.1343905736004489
8036,lowinput_P100,35,354424,0.09859744944557824
8036,lowinput_P100,36,1081114,0.30075582624175246
8036,lowinput_P100,37,919978,0.25592929470364356
8036,lowinput_P100,38,3554881,0.9889347213578839
8036,lowinput_P100,39,520642,0.14483774596033208
8036,lowinput_P100,40,218905,0.06089732825904652
8036,lowinput_P100,41,1086052,0.30212953176215246
8036,lowinput_P100,42,466382,0.12974312029469695
8036,lowinput_P100,43,1211512,0.3370313330155728
8036,lowinput_P100,44,440674,0.12259139459229833
8036,lowinput_P100,45,224877,0.06255868293053884
8036,lowinput_P100,46,1268931,0.35300476300258177
8036,lowinput_P100,47,512946,0.14269679057657375
8036,lowinput_P100,48,181886,0.05059898790674008
8036,lowinput_P100,49,1658439,0.46136225385717483
8036,lowinput_P100,50,210820,0.05864815670529311
8036,lowinput_P100,51,2564230,0.7133448575486849
8036,lowinput_P100,52,552025,0.1535682037057178
8036,lowinput_P100,53,143950,0.04004554671154038
8036,lowinput_P100,54,1378305,0.38343158916463815
8036,lowinput_P100,55,169111,0.04704510211834182
8036,lowinput_P100,56,1443619,0.4016013344784106
8036,lowinput_P100,57,267439,0.07439903415760783
8036,lowinput_P100,58,143533,0.03992954120283102
8036,lowinput_P100,59,1546254,0.4301534337263367
8036,lowinput_P100,60,189269128,52.65290521970486
8038,lowinput_P100,0,83475640,23.1838429769507
8038,lowinput_P100,1,1103867,0.3065790114988952
8038,lowinput_P100,2,743762,0.20656638775363453
8038,lowinput_P100,3,1052286,0.29225332553117944
8038,lowinput_P100,4,821805,0.22824141363483968
8038,lowinput_P100,5,773912,0.21494000268794428
8038,lowinput_P100,6,1074844,0.29851840034670707
8038,lowinput_P100,7,1227591,0.3409411054999744
8038,lowinput_P100,8,814759,0.22628451509994263
8038,lowinput_P100,9,1090127,0.3027629760362944
8038,lowinput_P100,10,975251,0.27085825334330044
8038,lowinput_P100,11,598456,0.1662102852115181
8038,lowinput_P100,12,721460,0.20037241228879288
8038,lowinput_P100,13,931165,0.2586141675060209
8038,lowinput_P100,14,699233,0.19419926671184753
8038,lowinput_P100,15,969128,0.2691577012954471
8038,lowinput_P100,16,761377,0.2114586340908772
8038,lowinput_P100,17,697273,0.19365491230815773
8038,lowinput_P100,18,721276,0.2003213096304873
8038,lowinput_P100,19,904292,0.25115067980685984
8038,lowinput_P100,20,958523,0.26621235514691133
8038,lowinput_P100,21,824090,0.22887603088608005
8038,lowinput_P100,22,1016393,0.2822846966476909
8038,lowinput_P100,23,800489,0.22232128176287463
8038,lowinput_P100,24,992211,0.27556858532624884
8038,lowinput_P100,25,1564834,0.4346042239507678
8038,lowinput_P100,26,665218,0.18475221822128216
8038,lowinput_P100,27,2365063,0.656853295435602
8038,lowinput_P100,28,425636,0.11821266886168692
8038,lowinput_P100,29,334803,0.0929854527645673
8038,lowinput_P100,30,794586,0.22068183071951705
8038,lowinput_P100,31,593045,0.16470747823276022
8038,lowinput_P100,32,248794,0.06909801505693725
8038,lowinput_P100,33,669209,0.18586064598920354
8038,lowinput_P100,34,346133,0.09613215449610062
8038,lowinput_P100,35,297533,0.08263438713930282
8038,lowinput_P100,36,425699,0.11823016596751981
8038,lowinput_P100,37,573256,0.15921144287836367
8038,lowinput_P100,38,412824,0.11465436854532285
8038,lowinput_P100,39,729265,0.20254010928920044
8038,lowinput_P100,40,10083803,2.8005931474440255
8038,lowinput_P100,41,477860,0.1327169364016336
8038,lowinput_P100,42,734371,0.20395820805718004
8038,lowinput_P100,43,819885,0.2277081685046946
8038,lowinput_P100,44,565529,0.15706540896136828
8038,lowinput_P100,45,1252631,0.3478955107389501
8038,lowinput_P100,46,782590,0.21735015958346468
8038,lowinput_P100,47,1190553,0.33065447366126915
8038,lowinput_P100,48,1309212,0.36360985589975203
8038,lowinput_P100,49,1196722,0.3323678013736989
8038,lowinput_P100,50,3116565,0.8655693276201338
8038,lowinput_P100,51,480073,0.13333155696049354
8038,lowinput_P100,52,675906,0.1877206161124232
8038,lowinput_P100,53,303925,0.08440964905174421
8038,lowinput_P100,54,418318,0.11618022726668598
8038,lowinput_P100,55,748765,0.2079558801422366
8038,lowinput_P100,56,125377,0.03482118473031351
8038,lowinput_P100,57,487388,0.13536316535997864
8038,lowinput_P100,58,136185,0.037822910442088624
8038,lowinput_P100,59,285490,0.07928966260683541
8038,lowinput_P100,60,219673291,61.01026700452967
8034,lowinput,0,44378517,18.4918116913307
8034,lowinput,1,443624,0.184850959975857
8034,lowinput,2,261346,0.10889865964386582
8034,lowinput,3,519708,0.21655393465442063
8034,lowinput,4,350636,0.1461043613557756
8034,lowinput,5,343871,0.1432854950540501
8034,lowinput,6,460053,0.1916966590846594
8034,lowinput,7,483218,0.20134914066329523
8034,lowinput,8,372484,0.15520807029296685
8034,lowinput,9,520607,0.21692853344307564
8034,lowinput,10,298789,0.12450055335199704
8034,lowinput,11,257392,0.10725109166795706
8034,lowinput,12,304722,0.12697273868357686
8034,lowinput,13,371870,0.15495222640394105
8034,lowinput,14,240383,0.10016371592131272
8034,lowinput,15,425129,0.17714439201570725
8034,lowinput,16,322363,0.13432345862869727
8034,lowinput,17,331739,0.13823028648456986
8034,lowinput,18,332591,0.13858530113188253
8034,lowinput,19,439594,0.1831717240267138
8034,lowinput,20,364718,0.1519721034490348
8034,lowinput,21,510586,0.21275294449856846
8034,lowinput,22,530153,0.22090619755486743
8034,lowinput,23,357956,0.14915448719888436
8034,lowinput,24,476410,0.19851235695566072
8034,lowinput,25,655368,0.27308126687793594
8034,lowinput,26,160156,0.06673442001761257
8034,lowinput,27,1084931,0.45207323512155906
8034,lowinput,28,221320,0.09222047152962119
8034,lowinput,29,185356,0.07723485324798691
8034,lowinput,30,271723,0.11322258804194497
8034,lowinput,31,287743,0.11989786345268295
8034,lowinput,32,185750,0.07739902668817611
8034,lowinput,33,375290,0.15637728519949184
8034,lowinput,34,181901,0.075795210517393935
8034,lowinput,35,172638,0.07193546793751465
8034,lowinput,36,219239,0.09135335242039862
8034,lowinput,37,289577,0.12066206164889352
8034,lowinput,38,144238,0.060101646360426086
8034,lowinput,39,406490,0.16937782157995535
8034,lowinput,40,3512457,1.463584135042105
8034,lowinput,41,459152,0.19132122692828768
8034,lowinput,42,363010,0.1512604074189761
8034,lowinput,43,703681,0.293212514126312
8034,lowinput,44,476271,0.19845443789935033
8034,lowinput,45,933805,0.38910147034483067
8034,lowinput,46,1066983,0.4445945932319258
8034,lowinput,47,600283,0.25012823654082594
8034,lowinput,48,2610221,1.0876369574214684
8034,lowinput,49,233134,0.0971431746321467
8034,lowinput,50,315182,0.1313312518418989
8034,lowinput,51,248649,0.10360802469441886
8034,lowinput,52,430069,0.1792028102759473
8034,lowinput,53,116976,0.04874201101413776
8034,lowinput,54,188430,0.07851573942854925
8034,lowinput,55,227819,0.09492849992502608
8034,lowinput,56,218427,0.09101500512741989
8034,lowinput,57,998270,0.41596299527324665
8034,lowinput,58,173601,0.07233673449310396
8034,lowinput,59,439812,0.1832625611078337
8034,lowinput,60,167133687,69.64190955911856
8035,lowinput,0,41257314,24.72517002372854
8035,lowinput,1,1942191,1.1639391428524735
8035,lowinput,2,1296583,0.7770315616008358
8035,lowinput,3,2028714,1.2157916673760782
8035,lowinput,4,1653847,0.991136947699343
8035,lowinput,5,1454226,0.8715057190326704
8035,lowinput,6,1747517,1.0472726107268162
8035,lowinput,7,1826049,1.0943361944662582
8035,lowinput,8,869840,0.5212879804400266
8035,lowinput,9,1836274,1.1004639531345182
8035,lowinput,10,1028920,0.6166233201903247
8035,lowinput,11,896863,0.5374826427864705
8035,lowinput,12,1082758,0.648887992188543
8035,lowinput,13,1232956,0.7389004221597228
8035,lowinput,14,711553,0.42642787908815666
8035,lowinput,15,1360144,0.8151231477830629
8035,lowinput,16,1125902,0.6747438376636931
8035,lowinput,17,969836,0.5812147634025034
8035,lowinput,18,1229292,0.7367046169997713
8035,lowinput,19,1392474,0.8344982517189891
8035,lowinput,20,716162,0.4291900150003337
8035,lowinput,21,1546972,0.9270876364357453
8035,lowinput,22,1006440,0.6031512404971722
8035,lowinput,23,835696,0.5008257611765479
8035,lowinput,24,1091105,0.6538902808539675
8035,lowinput,25,1172977,0.7029554992097409
8035,lowinput,26,450955,0.2702536342538078
8035,lowinput,27,1334757,0.7999089268235405
8035,lowinput,28,706370,0.42332174968203523
8035,lowinput,29,638045,0.38237513735843
8035,lowinput,30,877306,0.5257622930285086
8035,lowinput,31,956948,0.57349109066739
8035,lowinput,32,308700,0.18500137906032854
8035,lowinput,33,1130616,0.6775688992150063
8035,lowinput,34,495739,0.2970923182830846
8035,lowinput,35,457450,0.27414603450323066
8035,lowinput,36,619204,0.3710838805301966
8035,lowinput,37,715692,0.42890834785372417
8035,lowinput,38,287207,0.17212080037505598
8035,lowinput,39,926107,0.5550083322235947
8035,lowinput,40,5938056,3.558628276441394
8035,lowinput,41,973983,0.5837000265024813
8035,lowinput,42,1261086,0.7557585005302024
8035,lowinput,43,1371070,0.821671010004032
8035,lowinput,44,1308793,0.7843489144946699
8035,lowinput,45,1583554,0.9490109291107857
8035,lowinput,46,1359199,0.8145568170308374
8035,lowinput,47,1175444,0.7044339520835401
8035,lowinput,48,895708,0.5367904607559727
8035,lowinput,49,721191,0.43220385346905543
8035,lowinput,50,522451,0.3131006008793253
8035,lowinput,51,595962,0.35715514048445585
8035,lowinput,52,543889,0.3259482185155265
8035,lowinput,53,671040,0.4021487703422186
8035,lowinput,54,901266,0.5401213245875804
8035,lowinput,55,922860,0.553062431744784
8035,lowinput,56,878122,0.5262513151383668
8035,lowinput,57,962909,0.5770634690949203
8035,lowinput,58,939444,0.5630010869774904
8035,lowinput,59,892822,0.53506090461743006
8035,lowinput,60,59227071,35.49429806512469
8036,lowinput,0,45232202,18.84661207515193
8036,lowinput,1,472147,0.19672646826804407
8036,lowinput,2,282901,0.11787454881530102
8036,lowinput,3,552116,0.23004663961494917
8036,lowinput,4,377959,0.15748175720722923
8036,lowinput,5,371547,0.15481011021056357
8036,lowinput,6,491904,0.20495849099311006
8036,lowinput,7,512287,0.21345134513113811
8036,lowinput,8,399645,0.16651752401472944
8036,lowinput,9,551412,0.22975330844126662
8036,lowinput,10,321691,0.13403692981977086
8036,lowinput,11,272868,0.11369416292672545
8036,lowinput,12,320793,0.133662765907886
8036,lowinput,13,383131,0.15963674134115854
8036,lowinput,14,249603,0.10400048429643437
8036,lowinput,15,440457,0.18352239881633872
8036,lowinput,16,340442,0.14184978896426206
8036,lowinput,17,345930,0.14413643879546936
8036,lowinput,18,350392,0.14599559177412225
8036,lowinput,19,461880,0.19244858309730695
8036,lowinput,20,382744,0.15947549252835294
8036,lowinput,21,537487,0.22395126782545732
8036,lowinput,22,555812,0.2315866282767826
8036,lowinput,23,372287,0.15511844127380944
8036,lowinput,24,495166,0.2063176476529858
8036,lowinput,25,664580,0.27690629461073923
8036,lowinput,26,177407,0.07391903910440793
8036,lowinput,27,1085946,0.4524741686589333
8036,lowinput,28,242309,0.10096134000546755
8036,lowinput,29,203471,0.0847789591482466
8036,lowinput,30,292371,0.12182035309765031
8036,lowinput,31,309196,0.1288307181505043
8036,lowinput,32,201777,0.08407313101157293
8036,lowinput,33,398546,0.1660596107194494
8036,lowinput,34,197211,0.08217064501862605
8036,lowinput,35,186550,0.07772859438989048
8036,lowinput,36,237546,0.09897677128352142
8036,lowinput,37,306152,0.12756239415520634
8036,lowinput,38,157449,0.06560326699594675
8036,lowinput,39,420533,0.17522079327024287
8036,lowinput,40,3543883,1.4766070451472968
8036,lowinput,41,480378,0.20015602635125598
8036,lowinput,42,391641,0.16318254856848616
8036,lowinput,43,733000,0.3054144180530138
8036,lowinput,44,500355,0.20847971506809784
8036,lowinput,45,965025,0.4020907896065616
8036,lowinput,46,1086391,0.4526595839604798
8036,lowinput,47,644123,0.2683826073663866
8036,lowinput,48,2605258,1.0855161745538315
8036,lowinput,49,253635,0.10568047192752543
8036,lowinput,50,327524,0.13646732859262659
8036,lowinput,51,265494,0.11062168554784016
8036,lowinput,52,436173,0.18173741195830445
8036,lowinput,53,129485,0.05395168611404432
8036,lowinput,54,206590,0.08607853291346809
8036,lowinput,55,245660,0.10235757972565261
8036,lowinput,56,235224,0.09800927840668773
8036,lowinput,57,1007010,0.41958441080977543
8036,lowinput,58,194633,0.08109648626045324
8036,lowinput,59,459743,0.19155817298628472
8036,lowinput,60,165134695,68.8056163353164
8038,lowinput,0,44387080,18.484097905668072
8038,lowinput,1,540660,0.22514687547994824
8038,lowinput,2,305786,0.12733836878169544
8038,lowinput,3,589561,0.24551070368592784
8038,lowinput,4,392424,0.16341700414926794
8038,lowinput,5,390150,0.1624700430372171
8038,lowinput,6,531801,0.2214577248679613
8038,lowinput,7,565417,0.23545642528251745
8038,lowinput,8,445565,0.1855464942352368
8038,lowinput,9,535453,0.22297852609100863
8038,lowinput,10,330553,0.1376520828811514
8038,lowinput,11,287262,0.11962442522864812
8038,lowinput,12,347061,0.1445265041818265
8038,lowinput,13,439493,0.18301793316559184
8038,lowinput,14,300326,0.1250646626815206
8038,lowinput,15,508752,0.2118594369736519
8038,lowinput,16,386203,0.16082639505601015
8038,lowinput,17,401650,0.16725898445699924
8038,lowinput,18,381384,0.1588196203862771
8038,lowinput,19,507839,0.21147923666789004
8038,lowinput,20,450395,0.18755784963154531
8038,lowinput,21,541029,0.22530053803506994
8038,lowinput,22,642977,0.26775471193628286
8038,lowinput,23,406809,0.16940734522088238
8038,lowinput,24,557609,0.23220494227332972
8038,lowinput,25,823751,0.3430343724771258
8038,lowinput,26,149834,0.06239532597318567
8038,lowinput,27,1413052,0.5884368044439977
8038,lowinput,28,213738,0.08900684879838193
8038,lowinput,29,182670,0.07606921123057402
8038,lowinput,30,332883,0.13862236405576817
8038,lowinput,31,306011,0.1274320654616477
8038,lowinput,32,204898,0.08532561035047984
8038,lowinput,33,371902,0.15487103407824457
8038,lowinput,34,176267,0.07340281193397706
8038,lowinput,35,174215,0.07254829821281246
8038,lowinput,36,215318,0.08966480770649113
8038,lowinput,37,320611,0.13351193891632762
8038,lowinput,38,130578,0.054376555888027006
8038,lowinput,39,462004,0.19239218188739318
8038,lowinput,40,4857608,2.0228521871534797
8038,lowinput,41,435888,0.18151670413791232
8038,lowinput,42,312764,0.13024421514928147
8038,lowinput,43,674263,0.2807831311762223
8038,lowinput,44,401876,0.16735309756664019
8038,lowinput,45,873808,0.3638795934032157
8038,lowinput,46,934237,0.3890440230602604
8038,lowinput,47,467283,0.19459051421391751
8038,lowinput,48,2346434,0.9771247801204395
8038,lowinput,49,211430,0.08804572907691609
8038,lowinput,50,293439,0.12219671141560412
8038,lowinput,51,231526,0.09641430010056319
8038,lowinput,52,401979,0.16739598982457388
8038,lowinput,53,126133,0.052525525921859044
8038,lowinput,54,199362,0.0830202555939656
8038,lowinput,55,249596,0.10393918457495127
8038,lowinput,56,171630,0.07147182746758317
8038,lowinput,57,949152,0.3952550718668735
8038,lowinput,58,143439,0.05973225811409813
8038,lowinput,59,397721,0.16562283221018845
8038,lowinput,60,164806038,68.63012709638149
8167,normalinput,0,44299224,18.46012983824309
8167,normalinput,1,578800,0.24119436381944528
8167,normalinput,2,352362,0.14683436147917653
8167,normalinput,3,630479,0.26272975346668975
8167,normalinput,4,456895,0.19039478033394167
8167,normalinput,5,451520,0.1881549397922528
8167,normalinput,6,605800,0.25244565584281264
8167,normalinput,7,624402,0.26019737933239334
8167,normalinput,8,509020,0.21211602465683144
8167,normalinput,9,604408,0.2518655892318301
8167,normalinput,10,385918,0.16081763389162523
8167,normalinput,11,330126,0.13756829742615442
8167,normalinput,12,373881,0.1558016412218003
8167,normalinput,13,467265,0.1947161098999535
8167,normalinput,14,323786,0.13492632737326002
8167,normalinput,15,528011,0.22002985009445253
8167,normalinput,16,419900,0.17497842668933147
8167,normalinput,17,424126,0.17673946224824819
8167,normalinput,18,412517,0.1719018233927196
8167,normalinput,19,525509,0.2189872303669538
8167,normalinput,20,456541,0.19024726339407974
8167,normalinput,21,577475,0.2406422170812615
8167,normalinput,22,663885,0.27665051870123086
8167,normalinput,23,435313,0.1814012475765967
8167,normalinput,24,574526,0.23941332596359816
8167,normalinput,25,858253,0.3576464864048555
8167,normalinput,26,186084,0.07754390462504777
8167,normalinput,27,1442250,0.6010065155815393
8167,normalinput,28,246099,0.1025530265058771
8167,normalinput,29,209961,0.08749379720437897
8167,normalinput,30,328767,0.1370019823943116
8167,normalinput,31,330689,0.1378029077005676
8167,normalinput,32,235450,0.09811543358895713
8167,normalinput,33,405015,0.168775631068301
8167,normalinput,34,211266,0.08803760965217505
8167,normalinput,35,201753,0.0840734044292753
8167,normalinput,36,248693,0.10363398396915913
8167,normalinput,37,347211,0.14468786498982966
8167,normalinput,38,159716,0.0665559761779311
8167,normalinput,39,488468,0.20355170785445195
8167,normalinput,40,4756738,1.9822017895054949
8167,normalinput,41,462730,0.1928263095545472
8167,normalinput,42,348921,0.14540044681797626
8167,normalinput,43,699925,0.29166890997982936
8167,normalinput,44,435691,0.18155876566492385
8167,normalinput,45,899611,0.37488096549753797
8167,normalinput,46,949444,0.39564710014199966
8167,normalinput,47,535187,0.2230201934855519
8167,normalinput,48,2294199,0.9560260336561982
8167,normalinput,49,248543,0.10357147679125153
8167,normalinput,50,308208,0.12843474859029644
8167,normalinput,51,254409,0.10601592416195793
8167,normalinput,52,401992,0.16751590307620326
8167,normalinput,53,129996,0.05417122066183934
8167,normalinput,54,195930,0.0816468757829024
8167,normalinput,55,244879,0.10204463479222864
8167,normalinput,56,208196,0.08675829607766625
8167,normalinput,57,938333,0.39101698511712424
8167,normalinput,58,170097,0.07088188960365616
8167,normalinput,59,416202,0.17343741639664956
8167,normalinput,60,163161845,67.99190982097778
8168,normalinput,0,41619954,17.336520079715424
8168,normalinput,1,704776,0.2935698409397934
8168,normalinput,2,401721,0.16733425949830122
8168,normalinput,3,743011,0.30949638053298756
8168,normalinput,4,514689,0.21439034226968756
8168,normalinput,5,511907,0.21323151833485648
8168,normalinput,6,688629,0.2868439135222099
8168,normalinput,7,739777,0.30814927894950667
8168,normalinput,8,616334,0.2567299033250091
8168,normalinput,9,639852,0.26652617266338335
8168,normalinput,10,416139,0.17333998325545233
8168,normalinput,11,357756,0.1490209258193479
8168,normalinput,12,429705,0.17899081197576808
8168,normalinput,13,532324,0.2217360863713216
8168,normalinput,14,367210,0.1529589277891153
8168,normalinput,15,623416,0.25967986418283573
8168,normalinput,16,486158,0.20250594051387685
8168,normalinput,17,503393,0.2096850672273253
8168,normalinput,18,462905,0.19282005519517556
8168,normalinput,19,602838,0.2511082326476259
8168,normalinput,20,509531,0.21224181104903383
8168,normalinput,21,647398,0.2696694096915053
8168,normalinput,22,791369,0.3296395896776896
8168,normalinput,23,473626,0.19728581774202097
8168,normalinput,24,654765,0.2727380854384142
8168,normalinput,25,1061926,0.44233834141604
8168,normalinput,26,179537,0.07478496505670977
8168,normalinput,27,1854735,0.7725777536911979
8168,normalinput,28,252352,0.10511557785855186
8168,normalinput,29,212197,0.08838927480206667
8168,normalinput,30,438782,0.18277177705717054
8168,normalinput,31,354487,0.1476592452144008
8168,normalinput,32,286188,0.11920974272517451
8168,normalinput,33,427286,0.17798319332071544
8168,normalinput,34,206598,0.08605704791093828
8168,normalinput,35,204297,0.08509858138540043
8168,normalinput,36,250385,0.10429623685214899
8168,normalinput,37,378441,0.15763712750589742
8168,normalinput,38,136148,0.056711560416743745
8168,normalinput,39,568370,0.2367508123076699
8168,normalinput,40,6608646,2.752788339908569
8168,normalinput,41,432060,0.179971771848711
8168,normalinput,42,298728,0.12443319784479409
8168,normalinput,43,682507,0.28429383439602873
8168,normalinput,44,362025,0.15079914989475904
8168,normalinput,45,883748,0.3681194589356909
8168,normalinput,46,837895,0.34901969118450143
8168,normalinput,47,422530,0.1760021125751883
8168,normalinput,48,2096768,0.8733950194780309
8168,normalinput,49,222100,0.09251430479007246
8168,normalinput,50,292097,0.12167109809214677
8168,normalinput,51,250132,0.1041908513541216
8168,normalinput,52,368222,0.15338046978122497
8168,normalinput,53,125567,0.05230411395576331
8168,normalinput,54,209297,0.08718129873772083
8168,normalinput,55,249136,0.10377597405753936
8168,normalinput,56,165933,0.0691183076845164
8168,normalinput,57,907314,0.3779357223606475
8168,normalinput,58,143265,0.059676100296036615
8168,normalinput,59,376014,0.15662617650308108
8168,normalinput,60,162286086,67.59920947047236
